,text,sentiment
0,apas babi gajelas ngntod,negatif
7,arap kok tambah gendut,negatif
30,asli haters loe pada bego asli mana,negatif
37,astaga gw jebak di channel autis,negatif
38,astaga kuning banyak amat kaya jembut,negatif
58,auhhhhhh bau memek,negatif
59,autis is back yyey,negatif
60,autis lu yaa,negatif
90,awokwo tai kucing manis d,negatif
111,babi aer haters,negatif
112,babi kaget gua awal buka video ini,negatif
140,bacot,negatif
141,bacot anjg buang waktu aja bikin konten begini mana gaada iklan sama sekali,negatif
142,bacot anying,negatif
143,bacot bocah,negatif
144,bacot buncit,negatif
145,bacot doang kamu kapan kamu botak anjink,negatif
146,bacot haters,negatif
147,bacot idiot,negatif
148,bacot kamu,negatif
149,bacot kamu,negatif
150,bacot kamu ajg ngediss idola gua si arap,negatif
151,bacot kamu haters masalah lama mau ungkit pepeq gazzz teross erick riau dukung erick,negatif
152,bacot kentot,negatif
153,bacot kntol,negatif
154,bacot lu rik,negatif
155,bacot luuu,negatif
156,bacot memek bebek,negatif
157,bacot ngentod,negatif
158,bacot ngentod tumben baca coment hater yg faedah kwkwkwk,negatif
162,bacot ngetot,negatif
163,bacot njing,negatif
164,bacot nya alay,negatif
165,bacot om,negatif
174,bagen aja bang jangan peduli haters haters itu bego,negatif
177,bagus bagus tolol nya maju,negatif
188,balas dong lagu nya erick jgn bacot doang,negatif
191,balik diss si domsdee babi dekil,negatif
196,bandwagon aja kamu kimak,negatif
200,bang aduh anjing aku nonton suka iklan mulu iklan bgst,negatif
201,bang agama kamu apa kok aku liat video kamu lambang illuminati illuminati lambang sembah setan kah,positif
215,bang baca woiii erickolim woiiii baca woiiiiii lo itu ganteng woiiiiiiiiiiiiiii mpsss bau memek,negatif
229,bang bikin konten ngewe ama pacar baru dong biar gregett,negatif
253,bang buat konten ngentot donk,negatif
262,bang buat vidio unboxing kntl kalau giveaway memek hehehe,negatif
266,bang celleng homo jalan bang,negatif
299,bang erick aku komen herman haters benci elu malah sering nonton kontenlu yg sangat didik arti haters suka sama kamu mereka gengsi rasa akhirat,negatif
305,bang erick kontol bau memek gw suka gaya lo wkwkwkw,negatif
306,bang erick kontol makas gaya nya aku suka niru kamu aku jadi lebih segani orang sekolah masuk meme babi,negatif
308,bang erick ngentot t yok gua subscriber baru,negatif
315,bang erickolim bikin lg donk gw nonton nya lucu anjir bangsat kalo ga suka ngapaon di tonton ngentot bang ericko tuju ngehibur kalian semua tod ngapain lo subscribe tapi gasuka ama konten bangsat kena trigger dah gua,negatif
316,bang erickolim tetap di jalan setan aje bang jangan peduli orang orang idiot,negatif
328,bang erik tu kaya anjing gua suka e sama like aja,negatif
329,bang erik yang gila di youtube lu lu pada yang ngehate dia boi please lah dia butuh duit bukan cuman elu doang ngntot dia yang kerja elu yang bacot tingkat slb,negatif
331,bang eriko lim lo bego cuman banyak subscribe nye salud sama lo bang,negatif
354,bang gua mau nanya sama lu tolong jawab gua kepo banget ni lu sering ngomong anak kampang itu kan ciri khas orang lampung apa lu ada turun orang lampung,negatif
372,bang gw bukan haters lu tapi gw ken bilang memek,negatif
373,bang gw cewe bukan hode ya babi,negatif
380,bang gw nonton video lu sambil boker alhasil tai gw keluar lancar,negatif
381,bang gw sange,negatif
383,bang gw sering nonton elu kalo bisa buat konten jgn yg mabok kan atau segala macem bang tapi kalo konten yg gila goblk tolol gpp bang seru bikin ketawa and bikin semangat buat akhir hidup wkkwkwk canda,negatif
402,bang jadi kagak makan spageti campur tai kalau gua tunggu,negatif
403,bang jadi kagak makan spageti campur tai kalo ada gua tunggu ya,negatif
426,bang kalo berak bismillah dulu gak,positif
429,bang kalo memek itu bau ga,negatif
430,bang kamu ada niat buat bikin pidio potong titit apa,negatif
431,bang kamu bangsat aku suka sama kamu tetap semangat bang,negatif
438,bang kamu kaya tai yg baru keluar wkwkw kamu jijik,negatif
442,bang kamu kok kayak kontol ang foto lu smaa bowokntl rik pasti mantapppp,negatif
488,bang konten makan jembut bang please,negatif
491,bang lain kali bikin konten yang bayank bacot nya,negatif
543,bang ngentot,negatif
544,bang ngewe yu aku homo,negatif
553,bang pada minta video ngewe tuh subscribers lu semua wkwkwkwk,negatif
555,bang pernah mikir ga kalo tanya anak papa dulu papa makan jembut aku boleh coba ga,negatif
556,bang pernah sange sama hewan,positif
567,bang rick kamu pernah ngentot,negatif
569,bang riection lagu tai tai tai tai tai tai tai thailand dong yg lagi virall lagu lumayan toxic juga tuh hahahah yang tuju like dong,negatif
579,bang saran gua jngn sombong ya dengan ada lo sekarang inget waktu lo miskin truss lo jadi sekarang karena siapa,positif
594,bang subscribe makan torpedo ama jembut tompel,negatif
597,bang suruh kondisi kontol sam memek suka ngina kamu bang,negatif
602,bang tiap gua liat vidio kamu gua suka tertawa anjir jangan ambil pusing orang ngomong apa bang gua tau kamu bikin chanel cuma buat hibur doang soal orang suka sama chanel kamu faedah urus masing masing kalau suka pasti tidak tonton tidak ambil pusing tentu kamu bang lebih buruk orang yg suka ngomen buruk hidup kamu so sukses terus bang makin rajin bikin vidio konyol nya ak kecil belum cukup umur di kasih gadget tetek,negatif
608,bang toxic bacot ome tv dong bang yg stuju like,negatif
625,bangke pas ngomong isis pake iklan anjir wkwkkw,negatif
630,bangsad memek ngiluu,negatif
645,banyak bacot lu pukimak,negatif
646,banyak bacot luh goblok,negatif
654,banyak haters banyak duit btw ngentot d,negatif
670,banyak iklan tai,negatif
683,bapaklu ngentot sama ibu kamu,negatif
709,bau memek,negatif
721,bau memek anjir v,negatif
722,bau memek erserah mau caci maki kamu itu jadi motivasi erick bersabargas negatif apa mau kamu gblok haters,negatif
723,bau memek in bang bukan,negatif
724,bau memek kim hime,negatif
725,bau memek ns,negatif
727,bau memek wkwkwkwk,negatif
731,bau tai entar anak nya,negatif
749,bego,negatif
750,bego dna,negatif
751,bego goblok,negatif
752,bego hatersnya kalau ngomong,negatif
755,beli mulut mulut heaters pakai bulu jembut lu rik hahahaha enk kali ya,negatif
764,benar ericko orang baik elu aja tidak tau aku subscribe ericko k anjing,negatif
769,bener bang semua itu gantung lingkung dan orang tua lingkung dia kalo kek jembut yah anak pada kek jembuttttt,negatif
788,berani makan tai kalau jt subscriber bos,negatif
816,betul bang jgn peduli nih para botol yg bacot minta ampun,negatif
829,bg rekrut agung hapsah jadi sodaro lo mirip bgt dah lo nonton lu lim buat haters kalau ga suka ya ga usah nontong anjing ribet banget lu kek kadal mesir enghibur cuma bahasa gapantes,negatif
832,bgitu bodoh nya haters coment lo bikin ericko tambah kembang,negatif
837,bgst lo gw gak suka ing bits kontol by haters ngentot haterss fuck fuck,negatif
864,big dream work hard and make it happen kata motivasi yg aku dari erik emng konten erik emng kbnykn kontol tapi balik ada jg faedah sepenuh konten shitpost beri manfaat cara yg beda sih kalau kata aku si erik aku yakin kok erik orgnya baik,negatif
866,bijak tulang anjing keren,positif
892,bikin part nya lahh anjing aku mau tau berapa baik haters kamu,negatif
893,bikin part nya lahh anjing gw mau tau berapa baik haters lu,negatif
904,bilang aja mau di like ericko memek lu,negatif
908,bilang sama orang mukak orang seperti jembut kucing,negatif
928,bnyk bacot,negatif
934,bocah kntl pada bego komen nya bocah sabunnn,negatif
941,bocah sabun lo kampang,negatif
946,bodo amat bang gwe buka suka sama lu tapi gua nonton video lo buat hibur doang inget aja lah bang hanya pohon buah yg di lempari batu kayu tai jembut hate ah mana tau baca eric kontol,negatif
948,bodo amat lah bang konten lo kan cuma untuk hibur jadi kalo ada yang mau niru tiru lah yang baik kalo mau niru yang salah ya serah kalian itu udah besar anjing,negatif
961,bodoh itu bang,negatif
962,bodoh karakter usak anakbangsa buat yt rewind buat citra sponsor kaum elitglobal,negatif
963,bodoh njinggg sama eriko lebih bodo heter kamu njingg,negatif
1001,btw ada yg tau rando mana biasa beranda yt gw di penuhin bacot motivasi dia,negatif
1010,btw lo ngentot,negatif
1023,buat apa nge bully org pantat tebel ginian wkwk,negatif
1024,buat apa si jadi haters hah yg jadi banyak duit bang erick bukan kamu bang erick jadi kaya kamu jadi miskin bro,negatif
1030,buat ericko kontol gw suka chanel lu udh gw subscribe like gapernah tinggal iklan selalu gw tonton moga bisa terus karya erickontol,negatif
1032,buat haters anjing klo ga suka y jgn nge gas ngentot,negatif
1034,buat haters ericko ush rendahin dong mau buat kamu kalau kamu suka usah liat bangsat,negatif
1064,budek kuping aku ajg,negatif
1081,bukti ada bego,negatif
1093,c h a n n e l k e l u a r g a t a p i n g o m o n g n y a m m k k n t l ment lucu anjir,negatif
1094,cacat,negatif
1099,cara ngentot bagaimana,negatif
1143,chanel kontol tapi bagus,negatif
1156,channel ericko mungkin memang didik isi hibur asu kalau kamu haters hibur mending usah liat asu gua suka nonton karena hibur kontol,negatif
1157,channel ericko tuh mungkin memang nggak didik tapi isi hibur asu kalo lo haters nggak hibur mending nggak usah liat asu gua suka nonton ini karena hibur kontol,negatif
1167,channel hibur gk bisa ngedit gk punya otak buat konten noob,negatif
1171,channel kok plagiat pink guy hehehe joji ada alas kenapa toxic dll lu apa autis beneran ya gan,negatif
1209,coba bikin video kamu ngentot sama ody peler kamu kecil,negatif
1210,coba kalian pause di si eric search di youtube makan jembut wkwkwkw btw jemb t nya eric lebat,negatif
1214,coba main game lah ngentot,negatif
1219,colab sama titis dewa qory gore ajak dia mkn jembad sekali si jadi ya ga lewat memek keluar bg lewat anus kali ya kayak pantat muka v,negatif
1252,cuma hibur kontol kamu suka usah mampir kesini goblok save erikontolim,negatif
1254,cuma internet personality asli ini dia baik sekali anjing,negatif
1259,cuwekin aja bayangin aja setan,negatif
1271,dah tau chanel bego tonton aja,negatif
1284,darel davin bacot jing,negatif
1288,dari pada lu baca komen haters mending lu liat banci tailand bacol rik,negatif
1290,dari semua yg lu bacain lihat bahwa ga satu komen nya bobot dan nampak idiot tu org pada yg ngehinalu otivasi bang hhe gw tau lu itu orang baik,negatif
1298,dasar haters otak tai babi,negatif
1301,dasar idiot,negatif
1304,dasar makan jembut,negatif
1306,dasar penyembh jembut assu,negatif
1307,dasar umat goblok koment pedes lo ke si ericko lim itu gk ngaruh ke hidup bodo jadi ya inti lo ank gk guna tolol hehe,negatif
1310,dasar yg komen jahat kaum pantat tipis upgrade pantat sana,negatif
1311,dasssaar haters haterrrs laknat miskinn bajingannnn cuma bisa ngomong di sosmed memek konnntoll nih hatters hatters miskin idioot konntoll mati aja kaliaannn hatttterss konntol,negatif
1319,dear haters suka gausah nonton anjing,negatif
1320,dear haters usah nonton channel ericko lim usaha buat hibur orang so please stop bully noob bitch i like ericko lim,negatif
1322,dear hatters maknye erickontol kagak ngilu nglahirin die pling jijik doang goblok wkwkwkk kontol bajing tp benar dia di dunia nyata adalah orang yg sama aja first time gua komen lo moga baca lu mau dengerin saran gua yabagus kalo engga yakontol,negatif
1328,dengerin kalau suka usah nonton anjing hahahahaah,negatif
1329,depan kamera dan personal itu beda coy dia memang hobi buat video kaya tai tapi hibur tp personal beda banget dari apa yg kalian pikir,negatif
1344,di paksain banget anjg menit memek pantek gua enttot ibuk kau,negatif
1350,di video ini jujur gk ada iklan yg gua skip anjing,negatif
1365,dickyahm mampus lu wkwk,negatif
1366,didik banged yutub chenel ni buat aku jadi anak kontol bagus,negatif
1415,dri pertama gw nonton ngakak ajr memek ngilu,negatif
1424,dukung si toxic pd bangga sama makan tai papa dl makan tai wkwkkwk fuck kaya gin bnyak subscribe ny,negatif
1426,dulu ane subsr lau semenjak kamu makan jemboet auto unsub jijik sumpah liat bego,negatif
1451,eee ngentot,negatif
1454,eehhh kamu malu ngejilat ludah sendiri ngatain moba kok analog maen ml wkwk hamba edsen cuk duit ngartis sampe makan jembut bikin malu aja,negatif
1466,eh manusia makan jembut hahahahah,negatif
1471,eh pokok subscriber ericko lim orang orang nonton video sangat sebal usah tiru orang bego yang enngak punya otak ericko lim kamu mending tidak usah seperti gin,negatif
1474,eh sorry ya gays aku tadi liat memek,negatif
1482,ekkekw kok hatters idiot gitu,negatif
1486,elo cuma bisa ngentot aj,negatif
1492,elu yg bacot ank lonte,negatif
1502,emang kamu kya bangsat buat lagu suka nyindirin orang wkwk,negatif
1505,emang lu ngentot goblok awas tu di ss pas lu meggang memek lu sendiri viral nnti,negatif
1529,entah memek ngilu,negatif
1530,entah mengapa memek bisa ngilu v,negatif
1533,er bang semua itu gantung lingkung dan orang tua lingkung dia kalo kek jembut yah anak pada kek jembuttttt,negatif
1543,eric pantat tebal,negatif
1552,erick di hina apa juga slow aja kontol haters udah tau gasuka masih juga nonton sekarang yg bego elo haters kontol orang sana mungkin tidak pernah bayang dapat uang besar juta rupiah untuk belanja saya mr money saya akan jalan mana arah mata angin jalan untuk cari siapa yg untung dapat uang besar juta rupiah dari saya dalam uang kaget,negatif
1554,erick emang gitu kalo dia kagak ngetoxic ya beda lagi karna cirikhasnya kntl tapi emang ngehibur ea so kalian semua kontol udh gede lu pada gak suka jan bct kek bocah aja cihhh,negatif
1573,erick kolim kaya tai,negatif
1575,erick kontol hahahaha canda bang maaf gua suka video kamu bang udah gua subscribe chanel kamu terus karya bang,negatif
1581,erick pantat nya udah tebel sma komen macam itu,negatif
1584,erick sama reza bagus erick tolol dasar hater kntl beda nya erick sma arap erick kalo serius itu bijak sedang arap kntl,negatif
1588,erick the best tidak suka sama erick sini aku bantai semua nya anjing sini,negatif
1601,ericko bangkai,negatif
1602,ericko bikin challenge cukur jembut dong,negatif
1608,ericko jancuk,negatif
1613,ericko lim ajig lu seru walaupun konten unfaedah tpi ngehibur rik hibur lk v di sini bukan buat kaum pantat tipis wkkwkw welcome to internet kids lu gk kasih makan trus orang harus tampil kek apa yang lu mau gitu mikir wkkwkwk kenal juga gk goblok,negatif
1626,ericko lim itu keren kontol,negatif
1632,ericko lim kok ngentot,negatif
1634,ericko lim makan jembut this is haram bukan golong kami tobat ericko lim mumpung masih ada waktu,negatif
1646,ericko lim tai sekarang mending dulu gw rindu pas subscribernya masih kan,negatif
1665,ericko baik yng komen jelek tolol,negatif
1683,erickolim toxic anjeng auto unsubs aja babi tuju like,negatif
1696,erico elu gendeng bnget,negatif
1711,erik ngentod gua suka lu toxic anjing gudd entoddd,negatif
1720,eriko lo bacot main pung mobile di hp kentang sampe chiken kata pro celeng,negatif
1722,eriko my inspirasi gokiltapi ngomong nya aja jaga kin kali makan jembut pacar kamu njing,negatif
1723,erikolim is the best tapi dia noob v,negatif
1756,family friendly banget anjing moga sukses lu anjing,negatif
1778,fernanda achmad gw dateng cuman buat dialike ama balesin komen para soapers sang puja manusia makan jembut kalo gw ngga nonton entar siap yg jadi hatersanya lord kalian,negatif
1788,firman gar hormat mamak mu ga ada memek jadi tu youtuber baru rick gua mau bilang ati ati aja sama bro bro gore,negatif
1820,fuad dany ngentot lo,negatif
1838,fzmaq gaming babi lw,negatif
1853,ga ngewe sama kim himie,negatif
1857,ga suka cabut kalau suka ya tetap stay anjing btw gw suka chanel ini anjing,negatif
1858,ga suka channelnya tpi lu subs sma tonton anjing munafik fuck,negatif
1859,ga suka sama channel ericko lim tapi lu tonton juga anjing,negatif
1860,ga usah bawa bawa agama ke komen kalo lo sendiri aja munapik lo ngocok abis tu sabun lo nonton bokep ngocok sendiri,negatif
1865,gacha starlite syirik apa kamu idiot y wkokwokwok,negatif
1881,gak suka karya orang tapi masih suka pantengin orang goblok tu sampai ke sum sum tulang anjing,negatif
1883,gak usah di pikir bacot org lanjutin aja sini soapers dukung loe erickolim,negatif
1886,galang anak babi cina,negatif
1894,ganteng bapak kau tampang kurang perut lebih gitu ganteng ouww yeaahhh wakakak bego tu yg komen,negatif
1896,ganteng bgt ericko lim ini sumpah gagah bgt perkasa bgt anjir wkasti horny itu cewe lagi gw udah subs kak ody ama erickolim,negatif
1899,ganteng ganteng bego,negatif
1909,ganteng mana ktl mukak kamu aj kaya memek bekurik,negatif
1923,gara gara aku nge subscribe kamu masa lucu anjir,negatif
1924,gara gara elu reza delete channel babi,negatif
1945,geblek lu bang masih nonton dasar haters,negatif
1947,gege intro back ngentot,negatif
1949,gembel lu goblok ericko lim,negatif
1992,gin ni kalau lahir lubang pantat bukan lubang memek,negatif
2020,goblok lo kalo gak dari komentar dari mana lagi dari lobang memek emak luua mau bilang ati ati aja sama bro bro gore,negatif
2062,gua akuin gua suka gaya kamu bang kamu pinter nyari duit makin kamu buat kacawan konten jelas malah banyak yg poin kamu itu ngasilin duit pada kamu jadi bangsat kampung luntang lantung jelas mending gin hasil nya wkwkwkwk,negatif
2075,gua bukan supkriber lu tapi gua suka nonton lu anjing babi ngentot bangcad taiiiiii hhh,negatif
2083,gua dukung kamu bang erick kontol gua paling suka video challenge jelas yg kamu buat saking suka gua ama kamu tiap iklan selalu gua liat in s sampe sekarang gua subscribe semangat bang kontrol salam memexxxx,negatif
2091,gua erickolim cakep suer guelaporin aja biar mampus,negatif
2095,gua gemar kamu bangti jembut kratos jembutos,negatif
2096,gua gila muka aku tai,negatif
2097,gua gk habis pikir sm heters kek mereka org stress cupu dungu idiot yg cmn bisa kata di dumay tp pada knyataan merka adalah org terbully dan sisih yg butuh teman dan perhati,negatif
2108,gua kasih bokep,negatif
2117,gua lebih suka kamu yg kya gitu bang diemin aja kata haters mah emang haters kontol idiot sampah,negatif
2123,gua like karna menghibung anjing baik p,negatif
2152,gua bagai soapers bnr bnr ngefans abis sama ni org walopun slengean kan kek kontol tpi yaa balik itu gua liat pribadi yg baik sih ntap maju terus kontoru v,negatif
2155,gua selalu dukung lo bang dari lo main pb guq dqh subcribe lo kren lo mantap ini baru chanel yang ga suka koment gua sini gelud anjing send alamat kontol,negatif
2160,gua tuju sama lo lim kapan bikin video makan tai biar buming,negatif
2172,gua soapres kntl bacot lu bangsat haters ppq lu gak karya lu gak ada guna coba colab sama lucinta luna booom,negatif
2179,gua suka anjing yg unfaedah ke gin v,negatif
2180,gua suka banget ama konten kamu bangkarna semua vidio kamu lucu bang tetap ngebuat vidio tiap hari bang gua suka banget kalau kamu bilang yg jelek bang you is the best bangdiem aja like lebih banyak dislike memek,negatif
2181,gua suka gaya bicara lo kontol wkwkwk,negatif
2182,gua suka konten lu rik meng hibur bangnget buat guave away ke anjing,negatif
2184,gua suka sama kamu kamu ngeres gua haha suka bilang memek kontol bagai,negatif
2194,gua udah subs trus suruh erick pencet tombol subs lagi gua pencet lagi laa gitu terus gua kalau nonton vidionya erick sampek jembut gua rontok,negatif
2200,guaa sukaa gaya kamu kontol,negatif
2216,gue haters tapi gue kok baik yein biar dapet adsence kontol emang lu rik xd,negatif
2221,gue ngikutin erick dari tahun waktu pertama kali gw nonton video nya yang judul putusin urat malu cfd klo kg salah gue hibur rasa gw ketemu idola yang paling bodoh wkwk tapi hibur ya inti itu sih kata dia kalo nggak suka ya gausah di tonton tetap semangat rick gue soapers loh tapi gue rasa sedikit sedih kali ini karna cok pardede sama tretan muslim out dari mli hiyaaa hiyaaa hiyaaaaa,negatif
2225,gue sange dan akhir coli,negatif
2228,gue suka gaya lo kali kali makan kontol lah jgn jembut mulu,negatif
2229,gue suka goblok lu anjing,negatif
2230,gue suka rik komen komen haters lu tolol nya beri tuhan langsung,negatif
2231,gue suka sifat lo bang tetap karya trus bang klo bikin video dalem waktu deket aja anjing jangan lama asw,negatif
2268,gw lebih suka konten yg kek gin dripada gaming cuma gerakin analog apa anjing bosen,negatif
2278,gw nonton chennel ini dari pas erick maen lol yg bahas item seperma gw ketawa ketawa turut gw yg nyontoh laku nya orang tolol kan bener kata erick mana yg baik di contoh mana yg gak baik di contoh kalo orang tau itu gak baik di contoh tapi mas di contoh arti dia anak slb,negatif
2279,gw nonton ini asa hibur njir selalu ngakak gw kalo nonton lu lim buat haters kalau ga suka ya ga usah nontong anjing ribet banget lu kek kadal mesir enghibur cuma bahasa gapantes,negatif
2289,gw tuju sama lu bang walaupun emang ini konten bangsat semua dan gak didik tidak lucu dan cukup senang di banting konten bokep di youtube yang cuma ngerusak otak dan pikir gak papa kuota habis buat nonton chanel goblok yang lumayan lucu daripada buat yang aneh aneh sukses ya,negatif
2291,gw slalu nonton video anjg dan kami dsini bukan haters lu kntl ini channel keluarga yg family friendly super anjing keren panjang masa v,negatif
2307,gw yakin channel dia bakal jdi kyk kubur stlh kena bacot ny vngnc,negatif
2310,gw yg gk suka dari tiap video lu itu iklan nya tiap menit kontol anjinnkkkk,negatif
2322,h mandi lu bang kmaren kucel v,positif
2324,haahaah tertawa aku dengernya memek ngilu hahahaahah,negatif
2337,haha anjing emang nonton mereka yg suka nonton,positif
2339,haha benci bego udah tau gasuka mas nonton ya gpp si makin banyak benci makin banyak uang lol,negatif
2340,haha biar saja eric cuman komen hidup kamu haha whaai hartes ericolim kamu tau kamu sama lucinta luna masih mending dari kamu tidak hidup cuman komen hidup orang aduh kasi mak kamu coli tiap malem dapet anak kaya bangsat,negatif
2347,haha kalau kata org kamu bego yah,negatif
2368,hahaha hatters goblok hahaha suka ni chanel gausah buka chanel bangsat haha,negatif
2371,hahaha jembut,negatif
2373,hahaha tai kamu ericko lim,negatif
2384,hahahaha betul the rick yang komen bacot belum bisa paham,negatif
2391,hahahahaha anjir kocak,negatif
2401,hahha anjir org,negatif
2404,hahha udh gk kuat hati pas menit ke brapa itu tapi tetap senyum a kontol mata juling pepek,negatif
2417,halah tai ga botak unsub aja bro,negatif
2418,halah tai mending makan jembut lagi pasion lu situ,negatif
2435,hanya di sini ada orang tato makan jembut gimana di daerah kalian apakah ada rugi tato tapi ga berani makan jembudner aja,negatif
2455,harus nulis sambung wkwkwk tai lu,negatif
2463,hate eriko kya x lahir dari mulut ga dari memek,negatif
2473,hater hater memek ngilu v,negatif
2504,haters autis otak digade buat beli diamond mobile legend wkwkwk,negatif
2505,haters auto kesel ke trigger mampus kau haters,negatif
2509,haters bacot masih nonton,negatif
2510,haters bacot suruh tutup akun channel kamu,negatif
2512,haters bacot tapi masih nonton,netral
2518,haters bego asli,negatif
2519,haters bego auto kayaaa kamu bangtetep kamu ngomong teriak gitu,negatif
2520,haters bego bang,negatif
2529,haters bodoh kalo ngk suka kenapa di tontong anjingg,negatif
2570,haters gaada kerja bisa cuma ngehina karya bisa baru tolol goblok gan dengar mereka terlalu rendah kamu dilakuin bakal baik ato kaga kalau yg dewasa ngerti lah mksd komen aku apa,negatif
2577,haters goblok kalo ga suka gausah nonton ini canel emang kaya begini cenel freni femeli di dunia orang baper mati aja kontol,negatif
2589,haters haters amat lah mending gw nonton biar dapet hibur ya kan yoi gak bang udel mendem lanjutin lah kontol ehh bego anjing ngentot wehh seru uga ya untuk para haters bang udel mendem gw kasih nih saran ke lu semua heters jadi orang mikir lu jadi heters apa faidahnya ngotak dikit ngapa komenin yang gakjelas doang gitu udah tau bang udel mendem kan emang baik ngasih tau bang udel mendem ya nama juga hibur lu kalo mau liat vidio yang baik baik nonton tv aja untuk lu bang udel mendem chanel yanv bahagia dari gw belum gw mau ngatain lu dulu biar lu tambah semangat fuckkk ngentot kuda anak udeh gitu aja dah untuk lu project yang lu bikin lancar biar biariin,negatif
2598,haters itu baik bang tanpa haters lo pasti miskin sampek sekarang dan sekarang haters lo banyak makan sekarang lo kaya kontol,negatif
2614,haters jangan denger bang channel kamu yh serah kamu lah penting nguntungin buat abang buat haters kalau suka jangan tonton kntl anak anjing,negatif
2621,haters kamu bego rik blom tau nikmat sarap jembut campur saos tomat kkk,negatif
2626,haters kayk kontol faxx pencintraan mending jangan nonton channel eric kalau luh suka ngentoddd,negatif
2646,haters kontol kalau suka erickolim usah tonton,negatif
2647,haters kontol kalo gak suka jangan nonton anjinkk sesimple itu anjinkk,negatif
2651,haters lo dari kalang org miskin semua rik cari haters yg agak kaya dikit napa wakakakak,negatif
2665,haters mah gitu rik sinting kwkw cem pantat,negatif
2676,haters makhluk munafik gasuka tapi di tonton tau ga didik tpi penasaran ken liat ya kalo emang ga faedah kata dan perilaku gausah di cerna pake otak tolol dasar biji hylos,negatif
2683,haters mending ngentot sama tembok gih sana wkwk,negatif
2687,haters miskin erick kayazxuan celaka sama tutorial fanny kabel noclickbait,negatif
2688,haters miskin erick kayazxuan celaka sama tutorial fanny kabel noclickbait,negatif
2695,haters ngeroast ericko kebal pantek gak bakal bakar ngentod,negatif
2700,haters nya bodoh orang kaya gin jangan di gituin di doain waras aja,negatif
2713,haters pada goblog anjig tenang rick gua bain gua jg kaya lu malah punya komunitas wkkwk idiot,negatif
2721,haters pupuk jadi makin banyak haters makin subur btw pupuk hhmmm tai yes tai yg manfaat,negatif
2723,haters baik nya diam aja gak usah urusin orang lah kalau kalian nonton sub like dulu v baru nge bully ngentot anak kontol,negatif
2725,haters seperti kontol bisa auto kaya ngentot sini channel susu kental manis suka jangan nonton goblok bantu aja lihat iklan ngentot,negatif
2726,haters setan,negatif
2727,haters sok motivasi anjing kalau gak sukak jangan tonton aja,negatif
2728,haters suka emang gitu bacot sana sini kaya bner sendiri haters bangsat,negatif
2730,haters sumber uang anjir,negatif
2734,haters tai kambingangm gift sultan macam apa niih,negatif
2735,haters tai lu ganteng njir,negatif
2738,haters tolol kalau suka eriko lim ngapain kamu terus nonton channel nya tolol,negatif
2746,haters yg bacot gua yg kaya,negatif
2754,hatersnya lu pada nampilin kebodohnnya anjir kwkwk,negatif
2756,hatersnya mulut pedis yg sabar yaa terus semangat beryoutube jembut pacar kamu njing,negatif
2766,hatter banyak kata kontol punyak kontol hatter sangkin kontol tau lg aku apa bilanginnya hattee sibok kali ngurusin hidup org hidup urus kontol hidup tu bagus kali jadi kamu yg kontol hatter,negatif
2775,hatters kamu bisa buat video bagus erico hatters anjing bacot aja,negatif
2804,heaterskontol kalau kamu suka y usah nonton goblok kontol,negatif
2807,heeei wattsapp broo youtube riwend gimana lo bilang gak bakall ada karna lo gak sana rasa paling penting lu kira gogle sinting muncul jadi jago saat sutuasi genting ahh ini kah idola anak yang ngefans dg gaya gaming lu yang paling bobrok,negatif
2812,hello anak slb itu tidak idiot mereka adalah orang orang yg paling istimewa,negatif
2821,heran padahal channel sudah beri ingat bukan kaum pantat tipis masih ada nonton aneh emang,negatif
2824,heter kontol atta halilintar baik di buly ericko lim suka cakap kotor lo buly lu pilih aja klok lu anak baik ikut atta klok lo mau neng ketawa y lo ikut ini orang yg lucu itu karena bahasa bro jdi lo gk usah sok paling bener,negatif
2837,heters otak lu isi tai primitiv,negatif
2861,hhhmmmm bau memek banyak sekali gua cape nyekip ads nya ngentot t channel bgst,negatif
2875,hibur kimak sma kamu rik terus maju dah sukses bwt kamu erickohimehime,negatif
2896,hirup bau hpppppppp bau memek,negatif
2900,hiya hiya hiya wkwkkwkwkwkwk anjir tertawa,positif
2926,hmmmmm buat bang erik terus lah karya karena masa muda buat karya cari pengahasilan sendiri jangan dengerin kata si cebong,positif
2944,homo asw v,negatif
2945,homo bngst,negatif
2949,htters nya emng kea anjing kalau suka gausah nonton la babi gausah sok an ngomong komen so keras datengin aja nyimeng kntl,negatif
2956,hy haters hatersnya ericko lim jadi orang jangan suka nyinyir doang dasar manusia manusia kontol,negatif
2993,i love you bro bekose only u the next fuckin idiot pink guy and can feel my hart with a good love fuck yeah,negatif
3018,ibarat naruto lu itu madara arap hashirama sama kuat ga asal bacot doang ada karya msing jdi mo hate jg tpi lu ada karya buat youtube nah yotuber yg ceban sama salah beli tu ibarat tonton,negatif
3020,idola aku kwkw m cakep suer guelaporin aja biar mampus,positif
3022,idola dahhhhh mending gw nonton biar dapet hibur ya kan yoi gak bang udel mendem lanjutin lah kontol ehh bego anjing ngentot wehh seru uga ya untuk para haters bang udel mendem gw kasih nih saran ke lu semua heters jadi orang mikir lu jadi heters apa faidahnya ngotak dikit ngapa komenin yang gakjelas doang gitu udah tau bang udel mendem kan emang baik ngasih tau bang udel mendem ya nama juga hibur lu kalo mau liat vidio yang baik baik nonton tv aja untuk lu bang udel mendem chanel yanv bahagia dari gw belum gw mau ngatain lu dulu biar lu tambah semangat fuckkk ngentot kuda anak udeh gitu aja dah untuk lu project yang lu bikin lancar biar biariin,negatif
3034,ikeh ikeh khimochie ngan segala bacot,negatif
3043,iklan foodpanda mulu tai,negatif
3059,iklan menit kaga gw skip njeng demi nutup ytrid lu anti skip club biar lu kaga miskin,negatif
3060,iklan mulu anjir untung gapada gua skip,positif
3067,iklan trading aku skipp babi,negatif
3094,ingat ericko lim anda makan jeeeeemmmmbooooottttt jembut makan jembut buat otak inspirasi,negatif
3097,ingat lah anak anak tetap ada di jalan setan mermaidman,negatif
3119,ini haters pada buta ato gmn sih bisa baca angka g balik tk aja lu gblk baca angka like dislike aja g becus,negatif
3131,ini yg gua suka dari soapking tetap pada diri meski toxic parah tp ttp gw suka tapi ga homo be the king for soapers ntoll benci tpi di poin gan jess no limit subscribe channel gue,negatif
3138,interview tentang bokep japonese lah ric v,negatif
3140,inti ngewe,negatif
3141,inti setan enak ada ericolim enak,negatif
3148,intro bacot nya mana anak esdeh ngedit tiktok,negatif
3166,intro intro youtuber senglek njirah gay hjomo ghiasdogojofhen e subsvribede a and assunsubscribe ahhahahahhahahasdjasixqw asshoel fkasking you be tch moga lo sadar gak sih cuma buat mememks ngilu ah asdijqwixqwozqoa ogw jadi gaje ashjhfxkwqiuxisaiwis help me pslaesae me gay omgomgomgomoasda,negatif
3176,intro kek tai,negatif
3217,intro legend telah kembali v main hebat kontol v,negatif
3314,itu yg hate comment ya tuh kek kontol gitu kalo gk suka kingsoapers pergi aja kntl,negatif
3318,iya aku mau nanya ericko bau memek bagaimana tolong jawab,negatif
3335,jadi gin tau memek,negatif
3340,jadi gin anda tau memek,negatif
3341,jadi gin bang erick itu emang kontol tapi konten dia emang sampah shitcontent tapi ya aku suka bangsaaat banyak juga yang suka bangsaaat so buat klean ladies folow instagram gw padheli oke sekian thx,negatif
3343,jadi gin gan gw tuh suka sama laku nya si anak kontol ini aka erick dan gw kemaren ke gbk andddd kata pak satpam nya gw nanya halo pak selamat siang kata nya di sini ada acara yutuprewind yak pak ohh iya bro tapi dah abis bro acara nya gw cape ke gbk dan acara ytrwn nya abis jadi gw janji rick kalo ketemu luh gw bakal nampar luh kenceng nya tenanga gw dan salam kenal dari gw bro erick ramadan see you motherfucker,negatif
3359,jajahah coment nya lohh anak anak bego oon adeh bocah bego iri aja orang jdi sukses,negatif
3364,jamsker anjir,negatif
3374,jangan cuma ngebully kamu tidak bikin youtube ngentot,negatif
3408,jangan tolol lah lu semua para bocah gblk lu comment ngatur ericko hak lu apa pler lu itu siapa situ tuhan bukan kan ajg dia yg makan jembud dia yg ngerasain bukan lu taik dia yg ken melet ga nganggu hidup lu tolong lah tolol jan di pelihara mending lu melihara ayam guna dikit tolol lu bilang dia tolol atau apa lah trus masalah buat lu apa njing ga ngaruh ama hidup lu kan lu bilang dia ga ada guna buat negara lu buta atau apa kmrn dia ikut asi games itu buat indonesia,negatif
3424,jembut,negatif
3425,jembut asin kremes enaktos,negatif
3426,jembut numbuh,negatif
3430,jess no bokep,negatif
3470,jual tombol jembut,negatif
3476,jujur bang aku peduli kamu mau makan jembut mau masalah sama arap mau kamu makan tai aku peduli gua cuma manfaatin kamu buat diri aku ketawa,negatif
3500,juta subscribe ngentot sama pacar mantan bang auto adsens,negatif
3511,kadang harus pantat tebal hadap babi babi bicara gud mang,negatif
3513,kafir angkat tangan,negatif
3514,kaga suka nggak usah nonton anjing ane ngakak goblo juga liat yt kan cuma buat hibur,negatif
3526,kak eriko makan jembut sekali dong,negatif
3540,kalau ada ngehate kamu kamu bakal dapet duit lah bego,negatif
3543,kalau beli subescseber auto miskin,positif
3545,kalau channel kamu didik lebih baik hps aja channel lunya kontol u,negatif
3550,kalau hamilin gitu ngilu tu memek nya iya dah seperti mak kamu,negatif
3557,kalau kamu haters g suka erick mending pergi aja anjing,negatif
3561,kalau ketemu ingin rasa gua beri tai punya gua ke muka lu yg kaya pisang sisir,negatif
3575,kalau suka gosah nonton anjing,negatif
3576,kalau suka jan liat anjing mudah,negatif
3577,kalau suka syukur kalau ya gapapa sesimple anjing,negatif
3589,kalimat buat haters bacot kau jembut,negatif
3590,kalo baik mah nama nya malaikat anjing,negatif
3592,kalo boleh tau soapers itu link bokep atau apa bangkorea yang sok bener sok paling pintar padahal karya nya mah kaga ada hha fakkk,negatif
3594,kalo ga suka ga ush nonton anjing,negatif
3597,kalo gak suka kaga ush nonton bngst tolol ke sel sel zigot,negatif
3600,kalo gue seperti erik bodo bodo amat soal dia sama aja liat video gue lol sana yang bacot gue yang kaya,negatif
3618,kamu banyak bacot bujang,negatif
3619,kamu bener tod a ngebully kamu tidak bikin youtube ngentot,negatif
3620,kamu bikin konten bokep gabakal haters bang,negatif
3622,kamu bodoh cringe bodoh yang penting kamu semangat buat conten kami soapers,negatif
3623,kamu cuman pede memek,negatif
3624,kamu emang ganteng bang kamu sombong makanya banyak hathers kamu ngerti kamu ngatain orang bacol sombong kamu bacot,negatif
3632,kamu goblok tolol gua suka njir,negatif
3633,kamu ikut comen anjingg kalau suka yu diem dasar anak anjing,negatif
3655,kamu ngatain bodoh pantat tebel anjir ngapain kamu pikirin orang kalau posisi kamu juga bakal senang udah ngelakuin bodoh bayar jadi saran gua banyakin konten konten kontol tidak faedah,negatif
3667,kamu semua haters kontol yg suka ngebully kamu bawa uang orang tod kamu bully ericko sama aja kamu ngasih uang ericko jadi kamu jangan ragu buat ngebully orang ngebully orang sama aja kamu buat orang yg kamu bully jadi kenal,negatif
3669,kamu suka ni org jangan tonton anjing kamu mau youtubers faedah jangan buka youtube lg anjing hapus youtubelu masyarakat goblok youtube full ama citra kalian wkwkw haters no matter,negatif
3673,kamu tolol aku suka njinkkkk,negatif
3678,kang makan jembut,negatif
3681,kangen anjir ama tuh opening,negatif
3682,kangen bacot kamu rick sama anak soapers pas jaman kamu di garena dulu,negatif
3694,kangen titit dora,negatif
3698,kapan babi itu comennan orang babi kalo jt subs botak,negatif
3710,kapan lu botak tai,negatif
3711,kapan lu makan jembut lagi anjenkkkkkkkk,negatif
3714,kapan makan jembut,negatif
3715,kapan makan jembut cukk,negatif
3718,kapan ngentot sama young lex,negatif
3736,kasi para haters bacot tapi tetap miskin u todak channel hibur yg didik dan nggak nendidik gua subs si erick ya krna gua udah dari awal paham emang video dia nggak didik gua tetep subscribe tetep support ya krna dia entertainer jadi entertainer itu kan pokok hibur nggk harus didik ya kan,negatif
3740,kasik bulu jembut lu aja yg ngehate lu,negatif
3762,kaya kenal cara ngomong nya siapa ya bantu ingat dong n jembut aku boleh coba ga,negatif
3763,kaya memek,negatif
3768,kbnykan yg komen sampah itu fansnya arap kalo arap sampah fansnya aja najis wkwkwkwk no smile,negatif
3797,kek nya haters lu jg yg bikin indonesia gk maju farhan bodoh ke tulang wkwk yg malu in indonesia jg dia eh dia yg ngatain goblok ke tulang,negatif
3808,kemaren gua makan bulu ketek gua plus jembut gua sendiri anjg ga ada rasa,negatif
3812,ken jadi gemers masih bocah pasti itu noob,negatif
3815,kenaappaaaaaaa memek ngilu,negatif
3824,kenapa memek bisa ngilu yg muncul dia ajg,negatif
3825,kenapa memek bisa ngilu wkwkwkwwkk bacot dikomment lu cuma perlu unsub trus lapor makin banyak yg gtu miskin dia lama,negatif
3826,kenapa memek bisa ngiluuuu,negatif
3839,keren bang rico kocakkk anjing,negatif
3840,keren bang slow aku subscribe kontol eenak,negatif
3842,keren kamu anjing,negatif
3843,keren lo anjing,negatif
3844,keren rik tahan channel kamu terus upload konten yg tolol tolol,negatif
3865,kirain intro nyampe jam tai,negatif
3870,kita rela laku hal bodoh demi orang lain tertawa,positif
3874,klik iklan nya bego biar erick tambah kaya adsense nya,negatif
3880,klo liat lu gua s anjir,negatif
3890,knp memek bisa ngilu lu lim tapi ingat jangan terlalu banyak toxic juga oke kontool,negatif
3932,kok bodoh,negatif
3934,kok d ruang kerja lu bau memek,negatif
3947,kok memek ngilu,negatif
3960,kok sange,negatif
3972,komen bego bilang cennel tidak didik plies jadi orng yg pintar dikit kalau kalian ken konten yg didik nonton berita aja sana cari konten yg memng mndidik tonton pak mario teguh berita lain gampng ini mau broo masa bego aja,negatif
3974,komen di menit kata konten kgk mutu tapi dia tonton kan gobloog dari lahir beda orang lahir dari mmk sama lubang berak itu ini,negatif
3981,komen menit kata konten kgk mutu dia tonton gobloog lahir beda orang lahir mmk sama lubang berak ini,negatif
3991,koment yg sangat didik harus d jadiin konten ekkaakakakkwkakakkak komen memek ngilu kamu wkakakaka,negatif
4022,kontol lah wkkwkw sadar elu subscribe elu mulai turun bukan mendambah elu bocah buat vidio kontol udah bego tambah begoin wkkwkw pantesan kamu mau hancurin reza arab oktovian sebab reza lebih gokil and keren bukan elu bocah muka cem pepek hitung detik lihat apa jadi sama subscirbe kamu salam anoniymus,negatif
4058,kurang gila anjing mana melet nya mana teriak nya mana gaya orang setruk anjing ngentot gua suka liat wajahlu kalo pas mas jadi kaya orang setruk sambil triak ngentot,negatif
4086,lagu lu sampah ngentot,negatif
4115,lanjut part erick kontol keren kontoro,negatif
4131,lawak ngediss mabok toxic bebas lah goblok tidak nista agama gaada salah salah nya,negatif
4134,lebih baik lu hapus tu channel rick mak lu muka anjing,negatif
4142,lha kamu jg kotor bego lah sama kamu paling jg jawab kamu siapa ngatur aku,negatif
4144,liat channel aku video zxuan celaka sama tutorial fanny kabel noclickbait,positif
4145,liat channel gw ada video zxuan celaka sama tutorial fanny kabel noclickbait,positif
4150,liatin nama kamu mampus,negatif
4184,lo baik mah nama nya malaikat anjing,negatif
4185,lo bilang muka erik kontol karna lo suka sama erik soal ledek seperti itu hanya sianggap canda sama erik,negatif
4187,lo dari ngecringe malah jadi autis,negatif
4188,lo emang ganteng rick tapi lo banyak lemak nya lemak gendut,negatif
4189,lo ganteng kalo lebih kurus bang,positif
4200,loe kenapa ikut comen anjingg kalau nggak suka yu diem dasar anak anjing,negatif
4202,log loco bego baca,negatif
4240,lu autis yak bang,negatif
4241,lu banyak bacot,negatif
4243,lu capek ngeheat si eric tetep aja miskin lha eric yang lu hate malah jadi kaya njing g plis,negatif
4252,lu ganteng rik sorry gua bukan homo,negatif
4253,lu ganteng tapi lu gendut jika lu gak gendut mesti tambah gantenglih apa yang dia ingin tod,negatif
4262,lu kayak jilat memek,negatif
4263,lu kok kaya tai sih,negatif
4268,lu mungkin pandang jahat ampas kek tpi gua tau lu itu baik jing contoh aja temen lu yg kaneki harga diri dia di angkat tpi ujung ujung dia cundang,negatif
4276,lu rela nyakitin diri lu sendiri demi subscriber masih di hate haters kampang,negatif
4282,lu yang gila puki kau babi trigered,negatif
4286,lucu bang lu keep likeke komen kalo lo sendiri aja munapik lo ngocok abis tu sabun lo nonton bokep ngocok sendiri,negatif
4287,lucu kamu bang toxic kamu jangan sensor lah wkwkwkw aku suka toxic kamu kaya dululo rumah gua kontol,negatif
4290,lucu memek ngilu,negatif
4331,makan jembud jembud makan,negatif
4338,makan tuh kamus ngentot lo,negatif
4347,makin cinta gua sama lu kontol bang,negatif
4357,maksain anjir bal hatersdong v ya gak,negatif
4363,mamak lo lontee tmpilan kyl perek jalang makan tu jembut emak lu,negatif
4376,mampos lu gk dpt adsenes kntl jd miskin lu,negatif
4379,mampus aku unsuscribe fuck chanel manfaat,negatif
4380,mampus lo haters biji kuda,negatif
4381,mampus otong lu cm anjink,negatif
4384,mana haters baik goblok gin otak kontol mah kaga mikir sooo kontolers bangsad,negatif
4398,mana orang bikin video bacot lah kwwkwk,negatif
4420,mantap anjing hadap haters pake sunti toxic ea tod,negatif
4421,mantap anjing mpshh ahh bau memek,negatif
4422,mantap anjing vidio kamu wkwkw,negatif
4425,mantap bang lanjutin karya mu biar haters kontol kata apa jangan pernah serah bang,negatif
4426,mantap bang this is the old of you kontol,negatif
4427,mantap cuy dari dulu gua sub loe pas di garena stay for you cokkk ericolim kontol gue selalu nonton video lu soal konten lu hibur walaupun ngga faedah turut haters nama juga haters jago ngomong cuman di dunia maya doang asli mental tempe v,negatif
4428,mantap kontol,netral
4430,mantap kontol vidio lu lain kali yg lebih toxic jing,negatif
4431,mantap kontoru berkat kamu aku sering ngomong susu kontol manis,negatif
4432,mantapp bang erickkkkkaha hibur bedd wkwkwkw kontol ahaha,negatif
4456,manusia jembut,negatif
4457,manusia juga harus udah pada bisa mikir yak yang bener ambil yang gabener ya gausah ambil gue suka sih lo selalu jadi diri lo sendiri bukan jadi orang lain emang bangsat lo rik,negatif
4484,meeeeepppets bau memek oapking,negatif
4487,lawak ngediss mabok toxic ya bebas lah goblok selagi tidak nista agama gaada salah salah nya,negatif
4510,memek bacot,negatif
4511,memek kok ngilu,negatif
4512,memek kok ngilu v,negatif
4513,memek lah,negatif
4514,memek lu,negatif
4515,memek ngilu,negatif
4516,memek ngilu ajigtol,negatif
4517,memek ngilu anjir v,negatif
4518,memek ngilu aowkwowkow,negatif
4519,memek ngilu broo,negatif
4520,memek ngilu bwahahahahaa,negatif
4521,memek ngilu tertawa anjing gan konten kamu kurang bagus njir mainin pb game yg cobain bang fortnite seperti apakek gua yakin viewers subscribe kamu bakal nambah,negatif
4527,memek nya kecil awoakwoakwosk,negatif
4528,memek orang komen hate mereka pgn msk vidio kamu goblok,negatif
4531,mempan anjir erico lim katain orang kebal jir,negatif
4559,mentang mentang bego gratis di borong smua kan gw gk bagi bego,negatif
4561,turut gw sih hatersnya aja bego gw gak bosen nonton vidio nya erikolim karena buat gw ini hibur bukan tuntun,negatif
4564,mereka bangsat emang bang benar lo itu baik,negatif
4570,miko zk cebong mana ngerti,negatif
4585,mkan jembut lagi dong,negatif
4588,mkn jembut lagi bg,negatif
4594,mmmmpppsss ahhhhh bau memek awokwkwkwk,negatif
4602,mntp i very love you soapkingg lnjt trs memek,negatif
4624,motivasi anjir ngakak wkwkkwkwk motivasi sekali,negatif
4629,mphhhhhhhhhhhhhhsssssssss ahhhhhhhhhhhh bu memek,negatif
4636,mudah ituuuuuuuu kontol pindah kepala,negatif
4637,muhamad andrianto bacot kamu,negatif
4642,muhammad tuah woi biji bacot ngentot,negatif
4647,muka erickolim ganteng ea kimak v kayak babi,negatif
4659,muka macam babi mo,negatif
4660,muka makin mirip jembut hahaha makan jembuttt,negatif
4661,muka nya bikin ngaceng,negatif
4662,muka tai,negatif
4664,mukalu kaya memek bagaimana dong,negatif
4665,muke lu makin kucel aja jarang mandi ni bcah,negatif
4667,mulut gitu v omong astaga kek kalau uda ajak antem mampus,negatif
4677,mungkin yg nge hate belum liat channelnya filthy frank padahal ini kan cuma hibur anjing kalo baik ya syukur kalo ga ya jgn di contoh ribet amat jadi manusia,negatif
4680,mustahil orang ngikutin loh makan jembud rik klo dia ngikutin arti dia goblok uda tau jijiq masih aja diikutin sedang untuk bocah ya jgnkan makan mungkin bentuk aja mereka belum tau jd kita tau klo itu cuma buat hibur saja,negatif
4712,nah mampus lu pada para hatters yang komen erick begitu pasti pada kesel sendiri,negatif
4718,najis,negatif
4719,najis goblok banget yg komen subcriber bisa di beli,negatif
4720,najis sapscreb canel kamu,negatif
4748,napa dia aja pantat tebel,negatif
4782,ngakak ajg v bikin memek ngilu v mungkin dia kali yang lahir operasi jadi ya ga lewat memek keluar bg lewat anus kali ya kayak pantat muka v,negatif
4791,ngakak anjinkr ga kalo tanya anak papa dulu papa makan jembut aku boleh coba ga,negatif
4794,ngakak anjirtap boss banyak haters mah tetep sans terus banyakin konten yak haters lu miskin humor kek nymakin miskin gblk beli kouta demi ngehate dia gblk,negatif
4806,ngakak gua denger memek ngilu anjay,negatif
4810,ngakak gua pas bilang bau memek,negatif
4817,ngakak kampang,negatif
4820,ngakak liat komenan bocah tolol klo gk suka ya gak usah di tonton bego di pelihara sih ups,negatif
4849,ngapain dengerin haters ngaku haters kamu mereka nontonin video kamu kak dasar haters bego semangat kakk,negatif
4856,ngata in tapi ngetik aja masih gabisa pake titit koma,negatif
4857,nge cat jembut brp duit bang eh rambut,negatif
4884,ngentod wkwkwkin konten yg faedah haahah dasar kafir laknatillah,negatif
4886,ngentot,negatif
4887,ngentot bareng aja cok,negatif
4888,ngentot iklan menit kaga ke skip pun,negatif
4889,ngentot iklan banyak bgt wkwkwk,negatif
4890,ngentot kuy,negatif
4891,ngentot lah,negatif
4892,ngentot lo,negatif
4893,ngentot lo semua,negatif
4894,ngentot wkwkwk,negatif
4895,ngentot yg nge bacot,negatif
4896,ngentot yok lah,negatif
4897,ngentot yuk a tete nya,negatif
4898,ngentot yuk kak,negatif
4904,ngeteh asu bau memek,negatif
4906,ngeteh asukkk wess mangan ora udut paru paru orak smille hmppsshhh bau memek kwkwkwk,negatif
4909,ngewe,negatif
4965,nihh astronot banyak bacot,negatif
4972,njer makan jembut,negatif
4991,njirrr gua ngeliat muka jadi kepingin garuk garuk pantat,negatif
4992,njirrr memek ngilu asam urat memek a tau bang,negatif
5001,no skip vidio kntol bego yah,negatif
5073,oh yeah gua cium aroma memek,negatif
5079,oi goblok tai,negatif
5131,oprasi dari memek anjgt,negatif
5133,orang bego yg nge haters,negatif
5134,orang buta ngatain ericko ganteng,negatif
5136,orang idiot jenius,negatif
5137,orang indo kalau ngebacot awto capslock an mana yg baik mana yg buruk bro ini youtube bebas semua usia aku cuma mau kasih tau kamu yg skrng bukan kamu yg dulu subcriber kamu dah banyak yg nonton banyak power influencer kamu punya kuat yg besar bisa pengaruh banyak orang yg kata aw karin jdi saran aj skrng kalau mau bikin konten jangan dulu yg langsung pintas makan jembut lebih dipikirin karena kamu punya power yg gede skrng cuma saran doang makasih belum,negatif
5139,orang kamu perlu lestari rick toxic ngefek buat gua konten kamu hibur gua ton dasar anak kampang,negatif
5143,orang pantat tebel ers lu daftar berapa duit,positif
5146,orang yg nda suka video goblok nda suka tetap nonton dasar orang kontol,negatif
5147,orang yg ngehate kamu pd so pinter bangat pdhl mah kiat lebih bego elu,negatif
5148,org miskin ngasih panggung banga iri tu emang bisa kamu kan tetap semangat bg,negatif
5149,orng pada ngehate lo tapi gua ngakak aja nonton lo tiap canda lo ga kandung sara jadi turut gua ya itu dar canda ngapain ambil pusing kalo ngehate lo bisa bikin gua kaya gua akan bkn fanbase anjir kwkw,negatif
5160,oy cebong kamu kenal mak kamu kaga oy,negatif
5162,oy ngentot manee botakkk,negatif
5167,pada bacot mulu kaya bocah ml,negatif
5172,pada tolol ajah subscribe udh di bilang kalau gasuka jangan nonton masih di tonton dasar bukan otak udang lagi otak semut,negatif
5185,paling enak emang ngomong bau memek depan bokin,negatif
5200,pantat baja,negatif
5201,pantat level max x,negatif
5202,pantat level njing,negatif
5203,pantat lu tebel ya bang,negatif
5204,pantat tebal luv luv,negatif
5205,pantat tebel banget ni orang,negatif
5206,pantat tipid hqd h,negatif
5207,pantat tipis,negatif
5208,pantat tipis semua njeng akakakaa,negatif
5209,pantat ya tebal gk kya astronot v,negatif
5233,papa kamu yg makan jembut,negatif
5236,para haters suka channel erick sila minggir kontol,negatif
5267,ken muntah gw liat muka lu goblog dan gw juga jijik sama laku lo anjin udah lebih autis kalo misal gw punya kakak kaya lo mending bunuh diri gw rik sumpah tapi gua tetep dukung lo ko rik terus kembang rik konten sampah lo yaa semangat ericontollll,negatif
5287,percuma kamu haters kntl ngehate org yg pantat tebal dunia,negatif
5291,percuma ngehate erick kan pantat dia tebelnya cm,positif
5322,pingin jd heaters lu aja ah biar faedah bau memek,negatif
5323,pingin ngentot,negatif
5334,plagiat tai,negatif
5346,plis lah jancuk kangen ke goblok elu lagi gw wkwkwk,negatif
5353,pocong mohon di paham kimak,negatif
5355,poko kalau cerdas usah nonton aku nonton aku suka pada nonton bokep anjing,negatif
5374,puja jembut eriko ulululululul,negatif
5406,rama rendika soapers aku puja setan,negatif
5409,rambut alay kamu ganti ngapa coyy,negatif
5418,rambut nya cukur udah kaya jembut keriting wkwkwk,negatif
5422,rapstronot semua tu pasti banci banci semua,negatif
5423,rapstronot tanpa roket bencong tanpa tok toket anjgggggg,negatif
5475,rick botakin pala lu dong biar makin keren kayak si justin bentuk kek kontol rambut heheheheh begini gua demen ua skip mamam noh haha klan kok dikit rick cuma gk gw skip,negatif
5485,rick iklan kamu honkai impact mainin rick sapa tau kamu sange,negatif
5494,rick kamu kok idiot pilih kasih masa yg baca cuma yg nge hate doang ntar aku diss coment ah biar baca ama erickontorupi tetal harga sama manusia,negatif
5497,rick kaya kamu gabakal jt tahun kecuali drama lg sama arap manjat ngentot,negatif
5499,rick kira kira si kim hime sekali main kuat brapa ronde baca komen gua jancuk,negatif
5500,rick kok jarang upload lo jadi pink gay,negatif
5506,rick muka lo itu ganteng banget sumpahh tapi haters commen bilang lu jlk emang dia buta gituu,negatif
5508,rick ngentot kuy,negatif
5509,rick ngewe lah ama kim bikin gp nya,negatif
5515,rick saran dong bokep yg hype apa gua hari coli pake foto lego yg pp anjr,negatif
5540,rik emang muka kamu kaya kontol kelakuanlu kaya kampang kontol kamu kekapmpanganlu yg buat aku suka karena chanel kamu beda yg,negatif
5563,rik pas ngentot videoin,negatif
5626,sabar bang gua slalu dukung lu sampe lu kurus hehehe,positif
5630,sabar bang hidup di indo itu atur netizen kan bangsat yg hidup sendiri mlh ngatur orang kayak diri udh sempurna aja v,negatif
5634,sabar bang nge hate kamu kampret banget aku tidak suka kalau banyak hate kamu bang,negatif
5665,sabar ya rik gua yakin lu pasti sukses jadi kontol club,negatif
5691,salam jembut bang,negatif
5725,sans rik aku terinpirasi banget abis nonton vidio kamu im piatu pokok the best rick cheers ang wkwk,negatif
5750,saran gw apus chanel lu lngsung give away ke yayasan memek indonesia thnxx,negatif
5755,saschia azhari kalau kamu bilang omong terlalu luar batas liat diri kamu sendiri dulu refleksi diri kamu jangan main bacot doang kalau kritik gua terima kalau yg udah begini nama simpang,negatif
5767,satu pihak bang n bikin video ngentot ma pacar kamu,negatif
5783,saya suka ini tolol nya alami beri dari tuhan v,negatif
5799,sebenernya gua suka sama kamu rik semenjak pantau tolol goblok kamu gua jdi suka yaa bangsad i like kegoblokn yg unfaedaah muehehe,negatif
5868,semangat karya bang erik tetap diri dengan konten lo lo lucu buat ngibur tapi banyak orang yg bilang lo raja toxic tapi gua anggap itu gaya hidup lo lanjut karya gua tunggu vidio lo lanjut salam kontol bulu odoh mungkin itu juga kayak elu bang erickontol,negatif
5902,semangat terus buat chanel youtube mas bro ericholim omong benci miskin jangan dengar mereka terlalu rendah kamu dilakuin bakal baik ato kaga kalau yg dewasa ngerti lah mksd komen aku apa,negatif
5919,semenjak gua nge subs lu tol stiap gw ngumpul ama temen sukur smwa pd ketawa ngaqaq sini gw ajar gw ngikutin gaya ngmng lu yg bajing n babi dan bangsa hewan liar gk smwa org yg kata kasar jorok itu ngikutin sifat watak asli lo ibarat lu neng ngmng kasar lah berprilaku acakadul lah tapi lu inget bahwasannya lu msih inget temen lu temen susah ya bantu temen neng ya kita ikut neng dripada lu prilaku baik ngmng nya alus tapi nusuk dari belakang bangzaaaaaadddd,negatif
5921,semenjak ntn elu jadi suka ngomong anjing bansatt,negatif
5926,moga subcribe bang erik nambah dan para heters jangan suka ngebuli orang dia ini udah ngedit lama ampe gak tidur dan lu ngejeg dia enak dasar heters kontol,negatif
5930,semua kata elu itu bacot ngentod bacoottttt,negatif
5940,mudah itu anjing gw suka gaya lu rik v,negatif
5944,sengat bang erick w tau mulut kamu n klakuan kamu kaya kontol hati kamu baik bet,negatif
5952,serah lah mau buat vidio apa bego,negatif
5963,setai tainya tai lebih tai lu kntl read kentul,negatif
5964,setan,netral
5965,setan kamu,negatif
5967,telah liat video panutan qyuh gw baru tau kalo memek bisa ngilu,negatif
5970,setoxic nya eriko klo udah ngomong serius suka bikin motivasi anjing,negatif
5986,si kontol eling nya kamu bagus gitu kontol fuck bichs stress,negatif
5988,si makan jembut,negatif
5989,si momo se gua memek,negatif
5990,si monyet,positif
5991,si monyet baca,positif
6015,siluman jembut,negatif
6058,sniff bau memek,negatif
6078,soapers bogor hadir bang wkwk ngakak tai memek linuative koment juga ahh,negatif
6117,sok depan kamera aja gitu hidup nyata mah orang lemah tai mau kalian dibegoin hahah lol,negatif
6118,sok iya banget kamu anjeng kamu bikin vidio ada faedah yg pantes ditonto bahasa kamu babi sesal kali emak kamu lahirin kamu memek harus silit kamu goblok,negatif
6124,sok sok ngehate dkasi hentai dari erick juga lupada ngaceng v,negatif
6140,ssshhhh bau memek,negatif
6165,subs lu gak yg suka kontol,negatif
6193,suka cabut kalau suka ya tetap stay anjing btw gw suka chanel ini anjing,negatif
6194,suka channel karena tolol yg buat hibur,negatif
6195,suka konten kak lim uploadberarti tolaol kamu juga belum pinter benci ngentot,negatif
6196,suka lucu kalo liat ada orang tolol komen tentang agama lu siapa anjg nentuin video bang erick pantes atau ngga buat di tonton ama orang dasar tolol mau bilang pinter tapi tolol e liat,negatif
6197,suka sangat family friendly nobar sama keluarga besar semua sangat saran lihat video kontol,negatif
6199,suka tidak suka kaleee jangan ngebully karya orang woyy eric udah usaha nghibur kamu hatters tolol,negatif
6202,sukses terus bang biarin aja tu para haters kontol sibocah haram,negatif
6206,sumpah aku ketawa sendiri bacot yg faedah,negatif
6210,sumpah bang erik ganteng gila kaya pantat kuda,negatif
6250,suruh kondisi kontol sam memek suka ngina kamu bang,negatif
6263,tadi gw mo makan roti isi jembut tapi kok gw cium kok bau mekem ya padahal kan gue punya kolton,negatif
6270,tai,netral
6271,tai,netral
6272,tai bang ga konyol dulu vidiolu sekarang,negatif
6273,tai kudaa sia,negatif
6274,tai sekali dahmemek,negatif
6279,takut arapnya soal arap cupu,negatif
6283,tampang kamu kaya kontol tapi gua suka ama kamu rik,negatif
6295,tarik kapan ada yutuber baca bacot haters hewhew,negatif
6296,tarik nafas panjang bau memek,negatif
6299,tarik napas hmm bau memek,negatif
6300,tattoo senikalo suka tattoo yg usah bilang sampah kontol jangan mandang org tattooan yg negative lah anyingn kagak aku skip sukses terus lah kapan kapan ngadain give away gitu lah yaw,negatif
6301,tau aku lahir lobang pantat,negatif
6353,nyata haters lo banyak orang idiot ehe,negatif
6363,tertawa aku anjir,negatif
6366,tertawa aku bangsat aan mau mikir erick tentu hidup baik yg bikin video gblok yg lbih gblok urus urus hidup orang chanel orang urusin,negatif
6400,tertawa eric kocakkkkkkkkkkkkkkkkkkkkkkkkkkkkkkkk bacot,negatif
6404,tertawa gua denger memek ngilu anjay,negatif
6408,tertawa gua ngentot babi kamu bang ampe naber gua tawa mlu idik kok kira maksa,negatif
6412,tertawa hhhhuuuuuuupppppp bau mmk edah haahah dasar kafir laknatillah,negatif
6413,tertawa kampang,negatif
6432,tertawa saat bilang memek ngilu,negatif
6467,terus kaya rik haha tertawa aku liat kamu kalau kamu tambah idiot riklakuan toxic abang goodjob buat fideonya,negatif
6472,terus maju bang jangan dengerin kata haters walaupun harus gua aku lu emang kontol hidup soapers,negatif
6518,tetep soapers semangat terus buat konten hibur nya banghmm bau memek,negatif
6530,the best for erikolim save jembut,negatif
6558,tidak hina kamu ka ngomong nya aja jaga kin kali makan jembut pacar kamu njing,negatif
6562,tidak semua anak kecil udah beda mana yg baik mana yg buruk bro ini youtube bebas semua usia aku cuma mau kasih tau kamu yg skrng bukan kamu yg dulu subcriber kamu dah banyak yg nonton banyak power influencer kamu punya kuat yg besar bisa pengaruh banyak orang yg kata aw karin jdi saran aj skrng kalau mau bikin konten jangan dulu yg langsung pintas makan jembut lebih dipikirin karena kamu punya power yg gede skrng cuma saran doang makasih belum,negatif
6564,tidak suka ericko lim unsub aja bego anjing noob,negatif
6569,tingkat bang lah antep haters memek anjing mah bagus bang tertawa liat nya wkwkwk,negatif
6571,titit,netral
6572,titit coly bang plis,negatif
6580,tolol tapi gue suka njeng,negatif
6581,tolol tapi gue suka njeng,negatif
6601,toxic boleh bego jangan anjenggg,negatif
6609,toxic ngentot,negatif
6639,tukang makan jembut provokator fuckkk,negatif
6642,tumben ada faedah sedikit ngentot,negatif
6643,tumben erick ngomong yg bener bukan memek ato segala macem,negatif
6652,tunggu video dua bang terusin konten bangies jadi orng yg pintar dikit kalau kalian ken konten yg didik nonton berita aja sana cari konten yg memng mndidik tonton pak mario teguh berita lain gampng ini mau broo masa bego aja,negatif
6665,udah bang kalo kata gw si nikmatin aja yg komen begitu lagi udah jadi sarap tiap hari ini komen kya gtu si,negatif
6670,udah deh youtubers udah susah ngedit bikin motifasi modal ngapain di susahin di komentar gunain kata bijak mereka bodoh,negatif
6676,udah gua mah tetep suka lu meski kadang lu kontol tapi gua suka,negatif
6681,udah la anjg ngakak gu monyet kadl gencet la muka ky peler la anjg ngakak,negatif
6694,udh gw tebang njing bau memek omong jorok yaa dosa lo sendiri yg nanggung asal konten lo ga nyinggung agama atau politik ok jing,negatif
6717,untung gw fans lu rik kelampug geh rik di tulang bawang lu gk gk ush autis kntl buru meet n greet di lampung,negatif
6719,untung pantat kamu tebel bang,negatif
6737,upin ipin bacot,negatif
6739,upload content hatersnya bacot bacain hate comment hatersnya diam true,negatif
6754,ush ngomong kalau youtube didik kalau kamu pas polos nya nonton bokep youtube,negatif
6782,video paling faedah bisa ngasih tau klo erick di video nya nggk patut di cpntoh lu semua yg bego nyet,negatif
6799,w bukan haters w suka nonton eriko lem lucu muka kya kontol kecepit wkwkwk,negatif
6813,wad my senpai the bast lah terus kaya lah my senpai kampang,negatif
6819,wadoo pas bilang memek emak gw lewat asw sangka nonton skidipapapppppp sawadikap,negatif
6867,we kntl banyak iklan bangsat aget gua baik ama lu jadi gua gak skip kntl,negatif
6874,weh anjir iklan banyak banget a nunggu channel kamu nunggu kamu botak ilang engga,negatif
6875,weh anjir iklan banyak banget a nunggu di channel lu nunggu lu botak ilang engga ya,negatif
6877,weh haters kontol kalo luh gk suka sama erick gk ush di sini,negatif
6878,weh rick jadi pink guy lah ngtd tlol idiot,negatif
6895,whatt the ngentot,negatif
6898,why memek ngilu,negatif
6912,wik wik wik wik wik wik ih ih ih ah ah ah bau memek,negatif
6926,wikwikwikwik coba bikin video prank wikwikwik kerja bisa bacot doang soaperslu bang,negatif
6929,wkakwakwk mantap anjing,negatif
6930,wkakwkakwk memek ngilu ngakak v,negatif
6931,wkakwoekwkekeoek ngentot kamu rick bikin tertawa,negatif
6932,wkkkwkwk mntap sih kamu bang stiap aku nonton video kamu bawa ny bahagia bikin ktwa njir mntep bang mntep ko lim kalau luar kamera kagak bakal toxic sopan kalau dalam kamera toxic tidak sopan buat hibur tolol,negatif
6943,wkwk auto adsense iklan semua kampret wkwk tertawa aku bangya bikin ketawa lucu gokil unik and kadang garing tapi gua suka gaya toxic kamu bang erick abai haters sampah yg nge bully and ngehina kamu support erickolim ampe jt subscribers brohhh,negatif
6949,wkwk jancok biar chanel lo gk ber faedah tapi gua suka anjing,negatif
6951,wkwk jawab masuk akal semua anjir wkwk mantep kali lah rick,negatif
6973,wkwkw keselekk makan memek,negatif
6974,wkwkw memek ngilu,negatif
6976,wkwkw tarik nafas bau memek wkwkwk,negatif
6977,wkwkw tertawa anjir,negatif
6992,wkwkwk geblek,negatif
7002,wkwkwk mantap anjing,negatif
7003,wkwkwk memek ngilu semangat bang haters mas kurang kerja bisa bacot doang soaperslu bang,negatif
7007,wkwkwk ngakak anjir,negatif
7008,wkwkwk ngakak gua emang betul sih kalo nggak suka ngapain nonton banyak haters banyak duit didik tu banyak anjing,negatif
7009,wkwkwk ngakak ngentot,negatif
7052,wkwkwkwkw sumpah anjir gua tertawa sama laku kamu emang pantes gua liat lekakuan kamu iti bikin gua tertawa anjir,negatif
7057,wkwkwkwkww aku demen bet gaya tengil ericko lim kalau ketemu tidak aku toyor pala anak wkwkwkeke jaya terus rick ntonin video kamu yg ngk manfaat,negatif
7059,wkwwk tai lu menghibar hibur gosah bullshit la memeq yt duit,negatif
7067,woe kamu suka ni video ush nonton dh gblk dripda bully terus nonton aja slow anjenk kamu haters haters kontol,negatif
7069,woey erick tai kapan lo botak,negatif
7075,woi bau memek heters,negatif
7080,woi ericokontoru kocak lu sob kalau ada yg macem sm lu ajak gw ye kita ributin bareng ngentot hahaha,negatif
7087,woi kontol gua suka banget sama video lo yg ini gw nonton iklan lo ga gue skip anjenk tetep semangat njink bikin video tiap hari yg gak ada faedah i luv u bitch,negatif
7088,woi kontol konten kamu tidak mutu dibanyakin kontol ngapain kamu pikirin orang kalau posisi kamu bakal senang udah ngelakuin bodoh bayar jadi saran gua banyakin konten konten kontol tidak faedah,negatif
7098,woooo emang lu doang bang youtubers pantat tebal,negatif
7119,woy erikotolim kamu mau sucrieb kamu banyak link bokep,negatif
7122,woy haters anjing kalo gk suka gk usah di tonton gua mah nonton erick cuma buat neng neng doang lagi gua juga tau mana yg benar mana yang salah,negatif
7132,woy lo anjeng tuju nge subsccribe kan suka ama konten bangsat kalo ga suka ngapaon di tonton ngentot bang ericko tuju ngehibur kalian semua tod ngapain lo subscribe tapi gasuka ama konten bangsat kena trigger dah gua,negatif
7173,yah gua tau bang lu bego tapi gua ga bakal ngikutin lu,negatif
7178,yah si anjing aku suka kamu njing cok babi bikin konten unfeadah aja aku hate komen babiiiiiiiiiiiiii aku hate kamu kaga mau bikin konten unfaedah anjing babi ngetod aku udah langgan tahun lebih kamu ngasih konten unfaedah buat menuhin gizi toxic anjinggggghg,negatif
7190,yang aku heran konten lo gaadak isi faedah nya kenapa banyak yg subscribe mungkin yg subscribe lo otak nya udah miri ngentot,negatif
7194,yang bilang g mutu bokep youtube aja dan laris kamu diem aja,negatif
7198,yang coment coment kok bego bego ya rick wwkwwkwkwkwk gak sekolah,negatif
7203,yang ga suka ericko lim unsub aja bego anjing noob,negatif
7204,yang gasuka ama erickontol gausa banyak bacot dikomment lu cuma perlu unsub trus lapor makin banyak yg gtu miskin dia lama,negatif
7212,yang komennya kaya bangsat dia itu pada iri bang sama lu gua tetep suka lu bang,negatif
7223,yang penting ngentot njing,negatif
7224,yang pertama dan dua itu bukan hate comment cmn autis wkwkwkwk,negatif
7245,yeaahhhhhhhhhhhhh sayanos merasanos terhiburnos denganos kontenos ininos jadi nos kamunos harusbos buat laginos yeaaahaaahaahhahhjj trimakasihhhhh yakulllllllllllllttttt ngentot mpusssssssshshhh bau memek,negatif
7261,yg aku suka ayo tambah tolol jangan tolol ilang yah bangsad,negatif
7264,yg bacot jelas kamu napa aku,negatif
7267,yg bilang kamu jlk buta,negatif
7270,yg coment unsubs otak buat tai tupai,negatif
7283,yg komen beli subcriber bego kali y mikir kamu cung satu juta subscribe kamu beli abis brp duit kamu bego tu yg komen,negatif
7313,yo bangsat cakep aku suka kamu semangat bang tetep dukung elu,negatif
7315,yo lah anak pantek ang mah,negatif
7337,youtube emang ada atur buat konten yg baik didik youtube pernah buat atur bikin konten tidak mutu chanel kamu tolol,negatif
7353,youtuber paling jujur kocak haters bikin eriko lim makin kocak aku ngankak gila bau memek kocak saha,negatif
7358,yucuber pantat tertebal,positif
